Archivo,Primer Umbral Superado,Segundo Umbral Superado,Inversa
0,2.928e-06,0.0192572264,51.93645487492808
1,0.00179018965,0.0220711156,49.30741340239448
2,0.00177663455,0.0210591404,51.86047953409541
3,0.00176297509,0.0207935422,52.5470415158847
4,1.3728e-05,0.0192082309,52.09824944203166
5,0.00173571554,0.0198971613,55.06169570500097
6,3.128e-06,0.0187699352,53.28556900184918
7,0.00171844299,0.0206970438,52.69092331996839
8,1.1728e-05,0.0183387687,54.56418285795589
9,0.00168977224,0.0195971828,55.84280299205917
10,0.00166690419,0.0200267557,54.466671446407574
11,0.00165277847,0.0198944477,54.81954460370401
12,0.00163873316,0.0194349478,56.19172505103028
13,0.00163371171,0.0188614159,58.04603962148713
14,0.00161022035,0.0185955833,58.87422028859266
15,0.00159597524,0.018823956,58.04510777733188
16,0.00158128013,0.0179787998,60.98483307994105
17,3.128e-06,0.0156417203,63.94437432837227
18,0.00155261215,0.0174416788,62.936358820044354
19,0.00153804646,0.017430618,62.922479064077265
20,0.00152414897,0.016932333,64.90057478889028
21,0.00151847287,0.0173654763,63.10341285765722
22,0.00149454433,0.01676018,65.50660723321192
23,0.00147920511,0.0169707592,64.55130287060824
24,0.00147440591,0.016559866,66.28899576373477
25,2.01281168e-08,0.0140480008,71.1846081908045
26,0.00143566875,0.0155667618,70.76593413274567
27,2.09129002e-08,0.0136815869,73.0910482720245
28,2.12768576e-08,0.013528591,73.91764395384446
29,0.0014045428,0.0146973586,75.22860581578209
30,0.00137836062,0.0154374512,71.12835601347977
31,0.0013645512,0.0145838163,75.64717043158473
32,0.00136094887,0.0145658833,75.7292666087097
33,0.00133635335,0.0144587908,76.20535466907484
34,0.00132231063,0.0139427142,79.23676881277419
35,1.3828e-05,0.0120439103,83.12495085756812
36,5.028e-06,0.0118475119,84.44174452286991
37,0.00129147421,0.0139198087,79.18700607684015
38,5.428e-06,0.0114767281,87.17407715625886
39,0.00125229112,0.0126013642,88.11292278681847
40,0.00123817311,0.0128059435,86.44708239233992
41,0.0012334774,0.0125527223,88.34511567109924
42,0.00122020052,0.0126942853,87.15292061838852
43,0.00119645966,0.0123541825,89.62402224359249
44,1.6628e-05,0.0109353955,91.58542848357197
45,0.00116881169,0.0116703806,95.22386688790485
46,7.228e-06,0.0105645083,94.72136493335314
47,0.0011416342,0.0110626052,100.79658533423795
48,0.00112832477,0.0108509489,102.85289101266531
49,0.00111461262,0.011345922,97.73920061050876
50,8.228e-06,0.0098635117,101.46841333446342
51,1.16705477e-08,0.00957787597,104.40740949495222
52,8.628e-06,0.00952531406,105.07859497468807
53,9.228e-06,0.00935244931,107.02946733475159
54,0.00104023693,0.0100830385,110.5851977685274
55,4.68334141e-08,0.00888045311,112.60746061096351
56,0.00101370399,0.00971674905,114.90231213395558
57,0.00100050204,0.00963160113,115.86009957394661
58,2.2828e-05,0.00856371053,117.08391919540898
59,0.000992156972,0.00953846953,117.00952816942365
60,2.1628e-05,0.00784747661,127.78166941821279
61,0.000949021383,0.00890748111,125.65245465870532
62,0.000936220668,0.0086413973,129.7828781558294
63,0.000923702134,0.00859909694,130.28645760583953
64,0.000911309916,0.00826819913,135.9270162852285
65,0.000918166891,0.00862250649,129.79697833280832
66,0.000887123455,0.00848583482,131.6012613146545
67,0.000896195757,0.00849021455,131.68258168149097
68,0.000889069725,0.00786936921,143.2603288940403
69,0.000851104674,0.00774335502,145.09049291576616
70,9.63550576e-07,0.00680733771,146.92110315672488
71,0.000827583441,0.0073064504,154.34797570752218
72,1.36920742e-06,0.00653233307,153.11675597068128
73,0.000804575164,0.00704392356,160.27314657426288
74,0.000793206811,0.00730046086,153.67465177630103
75,1.17193293e-06,0.00616433864,162.254251349856
76,0.000770713591,0.00703210453,159.70892246503124
77,1.16974122e-06,0.00592006483,168.9504519003258
78,1.56826992e-06,0.00577610253,173.17413923978452
79,1.1647546e-06,0.00568135055,176.0505793331325
80,0.000752434955,0.00650781466,173.75048237586265
81,0.00074170075,0.00636527461,177.82286227498753
82,0.000727776599,0.00600839713,189.37168352269924
83,9.41939634e-07,0.00522329419,191.4845939260257
84,0.000684788754,0.00593878844,190.33118762162024
85,0.000674435346,0.0058854828,191.89999876750304
86,0.00066417675,0.00551779083,206.03203788299544
87,0.000673158823,0.00575036591,196.95867882963898
88,0.000644295925,0.00559785825,201.87492038873256
89,2.6628e-05,0.00461442055,217.96975105162505
90,0.000624915946,0.00532147598,212.9217965405869
91,4.46456747e-08,0.00417493983,239.5269715403906
92,0.000627610335,0.00491778085,233.09096841340815
93,0.000596763913,0.00487476903,233.753811099053
94,0.000605799971,0.00481535941,237.5545504204959
95,8.0890879e-09,0.00407103978,245.63797973676637
96,0.000586445116,0.00470936647,242.54646502771976
97,7.08077053e-09,0.00399382936,250.38670478670633
98,7.57608284e-09,0.00391108712,255.6838818467101
99,6.69280234e-09,0.00367671585,271.98235085915445
100,6.4439447e-09,0.00368343422,271.4862516107026
101,4.99069598e-09,0.00364837702,274.0948543536457
102,4.99360782e-09,0.00358299215,279.09673028438397
103,7.31644832e-09,0.00343859065,290.8174393339799
104,6.90874116e-09,0.00325521,307.200494705012
105,1.02010564e-08,0.00319464939,313.02439519959654
106,0.000486576203,0.00374880175,306.53919711946884
107,0.000487642086,0.00371889685,309.47730000778114
108,0.000478849799,0.00354885071,325.7328023639795
109,1.2128e-05,0.00289006148,347.47154753556015
110,1.3928e-05,0.00282213424,356.09920160279967
111,0.000464577775,0.00347366763,332.32640040255626
112,6.7053229e-09,0.00289092343,345.9110362688481
113,0.000457239689,0.0032049782,363.9356496248489
114,0.000428637909,0.0031045953,373.6980279892655
115,7.128e-06,0.00249266194,402.32804063017545
116,0.000418302589,0.00300412077,386.72479269724806
117,5.528e-06,0.00237077759,422.78836205188816
118,0.000430916548,0.00295941509,395.4916261130278
119,2.8728e-05,0.00227506173,445.1698279044227
120,0.000418366897,0.00295131645,394.7966507329804
121,3.4128e-05,0.0021777387,466.5026163565987
122,0.000385732448,0.00261644957,448.28633363580735
123,0.000380618516,0.00271097298,429.1192672395096
124,1.2528e-05,0.00201515076,499.3451687326274
125,0.000370351928,0.00248840284,472.132182628101
126,0.000365471124,0.00250868841,466.58824867279463
127,0.00036045998,0.0023646708,498.94950671905866
128,0.00037273164,0.00242105445,488.2042982277778
129,0.000364400311,0.0023487197,503.95113082272064
130,0.00034634906,0.00227710887,517.9308139835374
131,4.9128e-05,0.00180377551,569.9150366673931
132,0.000337281164,0.00223344133,527.381609386683
133,2.0728e-05,0.0016809199,602.3400065980325
134,5.2328e-05,0.00166919373,618.4805463098039
135,0.000324449709,0.00205551023,577.6805535500974
136,0.000320170853,0.0020132568,590.63746986496
137,4.8728e-05,0.00161277354,639.3675723789986
138,0.000312069427,0.00190637727,627.2314373855841
139,2.6328e-05,0.00147662198,689.5153767376183
140,0.000304436166,0.00186765198,639.7069368439743
141,0.000300629738,0.00187904479,633.5469233728519
142,0.000296845594,0.00183168445,651.5341959781607
143,3.0128e-05,0.00135948511,752.2433155677785
144,3.1128e-05,0.00133247884,768.4322853320632
145,0.000286418242,0.00168618513,714.4046687865359
146,0.000283013294,0.00169211024,709.6743789266576
147,0.00025880614,0.00161240824,738.76953943851
148,0.000299599328,0.00156986225,787.2385965777248
149,0.000308589546,0.00162189688,761.4363935319346
150,0.00024838144,0.00154120347,773.5016706050407
151,0.000285397495,0.00145544353,854.6672268326605
152,1.6128e-05,0.00110857723,915.3743465039561
153,0.000238565012,0.00140444506,857.7211709861939
154,0.000235370366,0.00134637042,900.0899652521529
155,1.8128e-05,0.00104099856,977.6408072591317
156,0.000229150855,0.00130743846,927.3963600833564
157,0.000279568374,0.00137843072,910.0320924091433
158,0.000223336671,0.00123858799,984.9777895240537
159,2.0928e-05,0.000958039325,1067.1090758613977
160,0.000217798113,0.00121621499,1001.5856332524716
161,2.2328e-05,0.000918863114,1115.4052801550392
162,0.000212320947,0.00118812846,1024.792273760655
163,0.000209531199,0.00116177633,1050.1497644307724
164,2.4528e-05,0.00086393052,1191.3235619068666
165,0.000265084261,0.00115348569,1125.6172799334838
166,7.5128e-05,0.000878737104,1244.386101429732
167,7.9928e-05,0.000865225055,1273.4034765990561
168,0.000262697328,0.00112661375,1157.5193786511907
169,0.000214088569,0.00102080965,1239.585804253949
170,8.2128e-05,0.000817625092,1359.6246822414357
171,2.9928e-05,0.00074902706,1390.6289906706318
172,7.9328e-05,0.000782424132,1422.2806163866082
173,0.000245079598,0.000946715367,1425.240907294736
174,3.2328e-05,0.000705020164,1486.5640682563385
175,3.3128e-05,0.000690814791,1520.480589977365
176,0.000181268155,0.00090234741,1386.8101086890929
177,0.000226051493,0.000929921799,1420.7162761032855
178,9.1428e-05,0.000719125015,1593.1253074383349
179,3.6528e-05,0.000650027284,1629.9937523643466
180,0.000174503024,0.000788157864,1629.5805635624092
181,3.8328e-05,0.000624626031,1705.617189766752
182,0.000171443553,0.00075378767,1717.1977372272484
183,4.0128e-05,0.000600225281,1785.4041323225063
184,9.8928e-05,0.00064642314,1826.5002315819643
185,4.1928e-05,0.000577022591,1868.8284591536826
186,4.2928e-05,0.000566018117,1911.7164853642225
187,0.00016441122,0.000716918504,1809.9308895265171
188,0.000213574746,0.000757275804,1839.2460071321034
189,4.5728e-05,0.000534007885,2048.0057252409647
190,4.6728e-05,0.000524000792,2095.2378110839386
191,4.7728e-05,0.000514189506,2143.7996214847362
192,4.8728e-05,0.000504581424,2193.687592001064
193,4.9728e-05,0.000495257148,2244.5220576230404
194,5.0728e-05,0.000486256998,2296.0583671629597
195,5.1728e-05,0.000477176104,2350.462936838003
196,0.000155116506,0.000577023979,2370.187929807065
197,5.3928e-05,0.000460466698,2459.790433037693
198,5.4928e-05,0.000451974839,2518.594537910425
199,5.6128e-05,0.000444188633,2576.916891232304
200,0.000152537263,0.00053834578,2591.959368279058
201,9.55597969e-05,0.000478747656,2609.6860228001938
202,4.64519908e-09,0.000343003303,2915.4633035923143
203,9.1570033e-05,0.000458128128,2728.080524316343
204,9.06517011e-05,0.000448715726,2792.7966242329976
205,8.83872937e-05,0.000438574456,2855.6158182158465
206,8.68244843e-05,0.000428968632,2922.7447165830918
207,8.52850226e-05,0.000419097257,2995.6960738644516
208,8.37777825e-05,0.000409878534,3066.5369380481175
209,8.29319947e-05,0.000402191862,3132.244614573891
210,8.15267622e-05,0.000393508855,3205.312173609472
211,7.93855436e-05,0.000383683628,3286.251380687298
212,7.79847723e-05,0.000375322945,3363.1739608790567
213,7.6578016e-05,0.000367035909,3442.839819815122
214,3.128e-07,0.000257547392,3887.502035496065
215,7.38960828e-05,0.000351789845,3598.4974692605742
216,7.2584585e-05,0.000343925145,3685.4055287569245
217,7.12998238e-05,0.000336636442,3768.7975628235395
218,7.00370903e-05,0.00032896864,3862.0245433922883
219,6.87947628e-05,0.000321919857,3950.615813736258
220,4.528e-07,0.000222954282,4494.35208705711
221,5.128e-07,0.000217690396,4604.5265184720065
222,6.54064958e-05,0.000301277609,4239.603512415187
223,5.028e-07,0.000207406609,4833.163801252204
224,6.3456698e-05,0.000288655662,4440.5177636607605
225,4.428e-07,0.000197538174,5073.685798429749
226,4.228e-07,0.000192794531,5198.268970195002
227,5.94721749e-05,0.00026964218,4758.052889251227
228,5.83762136e-05,0.000264030294,4862.534203333025
229,5.73160619e-05,0.000257896164,4985.539390649258
230,5.62793272e-05,0.000252566799,5094.568648878995
231,3.828e-07,0.00017075523,5869.494260309605
232,5.42359117e-05,0.000241350222,5344.326676012658
233,3.828e-07,0.000162764432,6158.331996564734
234,5.22786383e-05,0.000231109077,5591.889206722614
235,5.13255685e-05,0.000225874063,5729.06688691033
236,9.828e-07,0.000151909062,6625.752117282278
237,3.628e-07,0.000147640758,6789.882298612533
238,4.90052683e-05,0.000211833473,6141.442152742718
239,4.76650521e-05,0.000206766402,6285.30179428729
240,3.628e-07,0.000137222808,7306.736384232859
241,4.59384454e-05,0.000197966348,6577.739894439615
242,4.57152131e-05,0.000194130818,6737.835961884087
243,3.628e-07,0.000127507337,7865.064623264153
244,3.628e-07,0.000124423856,8060.547219588395
245,3.628e-07,0.00012141157,8261.133095363133
246,4.18750248e-05,0.000177155968,7392.024156141454
247,3.628e-07,0.000115577944,8679.414574181324
248,3.628e-07,0.000112766143,8896.532552417058
249,3.96099196e-05,0.000165997746,7912.154425657565
250,3.428e-07,0.000107376526,9342.849561268195
251,3.428e-07,0.000104765979,9576.417894728143
252,3.74576773e-05,0.000155269877,8488.08529631418
253,1.1028e-06,0.000100479164,10062.754962538174
254,3.60633807e-05,0.000148431625,8899.3114222752
255,3.53971024e-05,0.000145230104,9104.73159644578
256,3.428e-07,9.26019463e-05,10839.033744668413
257,3.428e-07,9.03407541e-05,11111.363697099865
258,1.2728e-06,8.90490326e-05,11392.605610644538
259,3.428e-07,8.59596988e-05,11679.937185484696
260,3.22257348e-05,0.000130103033,10216.873763276804
261,3.16231824e-05,0.000127163414,10466.79480730922
262,3.10364064e-05,0.000124543202,10694.409893776749
263,3.04565612e-05,0.000121712853,10958.148531737732
264,3.528e-07,7.58804663e-05,13240.181366493513
265,3.528e-07,7.40149939e-05,13575.484886555898
266,2.91424094e-05,0.00011423008,11752.584045942844
267,2.82297809e-05,0.000111382623,12026.047152993222
268,2.76989007e-05,0.000108927706,12310.903703516615
269,1.3328e-06,6.79622251e-05,15008.384036019545
270,3.328e-07,6.52986117e-05,15392.711548311185
271,3.628e-07,6.3777538e-05,15769.204944125133
272,1.1628e-06,6.30098077e-05,16168.930999065942
273,2.51808574e-05,9.7573682e-05,13813.5237231785
274,2.56679146e-05,9.63540403e-05,14147.047813090143
275,2.42152698e-05,9.34335904e-05,14447.042218473007
276,3.128e-07,5.61310789e-05,17915.27828709172
277,2.41417684e-05,9.02261002e-05,15132.179939814416
278,2.28553291e-05,8.73211204e-05,15512.103083422478
279,2.24160054e-05,8.53664621e-05,15885.508261928146
280,2.2751421e-05,8.42932522e-05,16249.11024747018
281,2.928e-07,4.94501222e-05,20342.849350732125
282,2.20445187e-05,8.08396e-05,17008.22548229047
283,2.728e-07,4.69818687e-05,21409.118782109224
284,2.06555822e-05,7.67341546e-05,17832.122987496023
285,3.028e-07,4.47282907e-05,22509.599426889392
286,1.95061641e-05,7.30496558e-05,18676.406193360006
287,1.9151185e-05,7.15032937e-05,19101.4273318087
288,1.87421955e-05,6.98744785e-05,19557.116196043895
289,1.83582589e-05,6.83155435e-05,20017.100769324043
290,7.128e-07,3.9723013e-05,25634.312737538756
291,1.76089508e-05,6.53722899e-05,20936.55968872578
292,7.128e-07,3.77429023e-05,27005.056370044105
293,1.67435699e-05,6.2281997e-05,21959.476066313237
294,1.65585532e-05,6.10683023e-05,22466.98802442811
295,2.01655707e-07,3.44368289e-05,29209.725166644344
296,1.59669962e-05,5.8453664e-05,23536.795229679083
297,1.56723535e-05,5.72071268e-05,24076.211823214646
298,1.54016619e-05,5.59693678e-05,24650.149122679377
299,2.228e-07,3.10338764e-05,32455.860581358982
300,7.428e-07,3.07414914e-05,33334.78739675958
301,1.425328e-05,5.21274172e-05,26403.241735101492
302,1.396328e-05,5.09734277e-05,27019.616568566144
303,1.36812028e-05,4.98463126e-05,27650.959876250672
304,1.34036333e-05,4.87454363e-05,28295.104242417965
305,5.28e-09,2.625628e-05,38093.786903356064
306,5.28e-09,2.55481485e-05,39149.870735935554
307,1.260228e-05,4.558248e-05,30321.223036852414
308,1.2344155e-05,4.45734159e-05,31027.705013241553
309,1.209128e-05,4.35860194e-05,31751.334319661015
310,1.184428e-05,4.2621669e-05,32491.385152912095
311,1.160128e-05,4.16784529e-05,33247.805680566475
312,1.136328e-05,4.07559822e-05,34022.05054831604
313,1.1130155e-05,3.98543348e-05,34813.874824721715
314,1.09006298e-05,3.89714362e-05,35624.1992392495
315,1.06762412e-05,3.81092201e-05,36452.475819168154
316,1.045428e-05,3.7263447e-05,37300.67405675081
317,1.024128e-05,3.6441414e-05,38167.74372222676
318,1.00266285e-05,3.56314244e-05,39055.18340804271
319,1.428e-08,1.761528e-05,56814.953695812736
320,9.61428e-06,3.40694722e-05,40891.111867851105
321,9.41428e-06,3.33144442e-05,41840.716726121915
322,9.21828e-06,3.25764429e-05,42811.58600876098
323,9.02628e-06,3.18544751e-05,43805.47807741489
324,8.83828e-06,3.11494586e-05,44820.581553679105
325,8.65328e-06,3.04594255e-05,45858.631916401726
326,8.4723007e-06,2.97845538e-05,46921.36468668346
327,8.29925255e-06,2.91283369e-05,48009.79165461971
328,8.12124848e-06,2.84793228e-05,49120.559453778435
329,7.95028e-06,2.78483884e-05,50256.03338255007
330,7.78328e-06,2.72313734e-05,51418.92212426334
331,7.62828e-06,2.66373834e-05,52606.37384927896
332,7.46128e-06,2.60404089e-05,53823.83670312983
333,7.30228e-06,2.54624244e-05,55065.64143840177
334,7.14922802e-06,2.48992659e-05,56337.907939157594
335,7.00128e-06,2.43514601e-05,57636.28932013218
336,1.628e-08,1.06489746e-05,94049.53660570671
337,6.70628e-06,2.32824482e-05,60327.57317218825
338,6.56428e-06,2.2767441e-05,61716.352753638625
339,6.42628e-06,2.22654599e-05,63134.58186051664
340,6.29074612e-06,2.17738407e-05,64586.57181437951
341,6.15828e-06,2.12924724e-05,66075.54427549105
342,6.02828e-06,2.08234381e-05,67589.6798966954
343,5.90062838e-06,2.03630718e-05,69144.60931388038
344,5.77628e-06,1.99144449e-05,70730.53731322657
345,5.65428e-06,1.94750491e-05,72354.8735070033
346,5.53528e-06,1.90474084e-05,74007.58565911792
347,5.41828e-06,1.86277411e-05,75703.31540625832
348,5.30428e-06,1.82184022e-05,77434.60875722548
349,5.19228e-06,1.78173763e-05,79207.31662062649
350,5.08628e-06,1.74294508e-05,81016.45972524339
351,4.97628e-06,1.70444511e-05,82862.5971337115
352,4.87228e-06,1.66714598e-05,84751.65367002883
353,4.77028e-06,1.63064476e-05,86683.90011948162
354,4.67028e-06,1.5950542e-05,88650.42319052518
355,4.57328e-06,1.56024478e-05,90668.67220933932
356,4.49028e-06,1.52744606e-05,92728.41740057654
357,4.38628e-06,1.49314592e-05,94830.06225252198
358,4.29528e-06,1.46074386e-05,96972.90730187179
359,4.20728e-06,1.42913949e-05,99165.86729887419
360,4.12128e-06,1.39824077e-05,101408.28010978905
361,4.05125635e-06,1.36942887e-05,103701.81948005182
362,3.95528e-06,1.33864028e-05,106031.91382472511
363,3.87428e-06,1.3098433e-05,108411.0378481363
364,3.79662998e-06,1.28170915e-05,110859.07276283132
365,3.71971452e-06,1.25428743e-05,113338.0812468977
366,3.64528e-06,1.22754438e-05,115872.65585851338
367,3.57267759e-06,1.20138539e-05,118466.9012084644
368,3.50128e-06,1.17584255e-05,121107.22767329217
369,3.43228e-06,1.15094001e-05,123806.50375620884
370,3.36462792e-06,1.12659843e-05,126560.54883579368
371,3.29828e-06,1.1027365e-05,129381.42095733197
372,3.23428e-06,1.07964337e-05,132237.46034148976
373,3.17128e-06,1.05696809e-05,135164.34341912993
374,3.11028e-06,1.0348437e-05,138156.7158601285
375,3.05128e-06,1.0133455e-05,141199.5608693657
376,3.03875744e-06,9.96895391e-06,144296.0534133313
377,2.97028e-06,9.751429e-06,147467.63417232092
378,2.8824103e-06,9.51791276e-06,150704.48787084015
379,2.82828e-06,9.32277726e-06,153976.50656642206
380,2.77628e-06,9.13160066e-06,157348.47279916794
381,2.72528e-06,8.94544023e-06,160767.562735277
382,2.67628e-06,8.76446347e-06,164252.6058762155
383,2.66828e-06,8.62836847e-06,167782.74433902826
384,2.59713648e-06,8.43105114e-06,171411.4892451992
385,2.53628e-06,8.24744377e-06,175095.66180764593
386,2.49203695e-06,8.08319478e-06,178853.83142546704
387,2.45028e-06,7.92446003e-06,182675.7604827987
388,2.40828e-06,7.76837183e-06,186563.96787888618
389,2.40628e-06,7.65434086e-06,190546.57075756547
390,2.32988117e-06,7.46905351e-06,194583.86172743136
391,2.29228e-06,7.32548585e-06,198680.52883233456
392,2.25613662e-06,7.18564333e-06,202860.05453068955
393,2.22028e-06,7.04737608e-06,207163.88972311484
394,2.18728e-06,6.91546644e-06,211497.582146951
395,2.15428e-06,6.78647192e-06,215880.51990730126
396,2.12128e-06,6.65877432e-06,220385.95080819848
397,2.09197041e-06,6.53706182e-06,224967.25213576658
398,2.06228e-06,6.41739583e-06,229615.0180694505
399,2.03528e-06,6.30243975e-06,234347.91725339083
400,2.42362729e-06,6.60604931e-06,239095.91026875854
401,1.981628e-06,6.081028e-06,243938.13728838367
402,1.958828e-06,5.976728e-06,248886.23410239184
403,1.993028e-06,5.931428e-06,253910.2173471461
404,1.913728e-06,5.774528e-06,259013.67592208867
405,1.890928e-06,5.676028e-06,264193.81258090935
406,1.873728e-06,5.584928e-06,269454.6238413452
407,1.855528e-06,5.494528e-06,274800.7694421545
408,1.834828e-06,5.403328e-06,280229.7884265097
409,1.819528e-06,5.319228e-06,285738.7776095094
410,1.813228e-06,5.245728e-06,291332.84777858696
411,2.078828e-06,5.445828e-06,297000.29700029694
412,1.779828e-06,5.082628e-06,302773.4043841589
413,1.766328e-06,5.006528e-06,308622.9245108327
414,1.759228e-06,4.938328e-06,314554.43364474224
415,1.775828e-06,4.895228e-06,320574.46944925305
416,1.935428e-06,4.996528e-06,326679.9516513671
417,1.740228e-06,4.744328e-06,332878.39952065505
418,1.866828e-06,4.815228e-06,339167.0058336725
419,1.787228e-06,4.681328e-06,345530.5621782246
420,1.765928e-06,4.606928e-06,351988.73636043654
421,2.015528e-06,4.804628e-06,358538.5966799326
422,1.822628e-06,4.560928e-06,365190.0814373882
423,1.907328e-06,4.596128e-06,371913.1210949123
424,2.016428e-06,4.656928e-06,378716.1522438931
425,1.924728e-06,4.517928e-06,385623.93953416625
426,1.868828e-06,4.415928e-06,392603.3528326331
427,2.209228e-06,4.711128e-06,399696.230864543
428,1.893428e-06,4.351228e-06,406867.9306697047
429,2.100128e-06,4.514928e-06,414112.970018221
430,2.057228e-06,4.429928e-06,421460.783074135
431,2.027128e-06,4.358728e-06,428890.03259564243
432,1.983428e-06,4.274828e-06,436414.4191324081
433,2.009828e-06,4.262028e-06,444010.30103898415
434,1.985028e-06,4.198928e-06,451691.5849857718
435,1.964628e-06,4.141128e-06,459453.25063174823
436,2.027828e-06,4.167728e-06,467311.55661479506
437,2.281028e-06,4.385228e-06,475239.9961980801
438,2.211828e-06,4.281128e-06,483255.20707485615
439,2.154928e-06,4.190128e-06,491352.2012578616
440,2.107728e-06,4.109628e-06,499525.4508217193
441,2.103028e-06,4.072328e-06,507794.6478444117
442,2.193928e-06,4.131428e-06,516129.0322580645
443,2.177528e-06,4.084028e-06,524521.3742460004
444,2.082228e-06,3.958328e-06,533020.6278982997
445,2.133328e-06,3.979728e-06,541594.4540727902
446,2.074428e-06,3.891928e-06,550206.3273727648
447,2.404928e-06,4.194228e-06,558877.7734309505
448,2.357628e-06,4.119128e-06,567697.9846721544
449,2.317028e-06,4.051528e-06,576535.0245027385
450,2.333228e-06,4.041428e-06,585411.5443156539
451,2.407828e-06,4.090228e-06,594388.9681407512
452,2.255728e-06,3.912928e-06,603427.4680183443
453,2.288928e-06,3.921528e-06,612519.9068969741
454,2.321428e-06,3.930028e-06,621658.5851050601
455,2.282728e-06,3.867928e-06,630835.225839011
456,2.657128e-06,4.219428e-06,640081.9304871024
457,2.306728e-06,3.846528e-06,649434.9915573449
458,2.301428e-06,3.819328e-06,658804.9278608605
459,2.685328e-06,4.182128e-06,668091.9294494921
460,2.534528e-06,4.010228e-06,677644.5076912651
461,2.451928e-06,3.907328e-06,687096.3309055931
462,2.463528e-06,3.899028e-06,696621.3862765586
463,2.495828e-06,3.911828e-06,706214.6892655365
464,2.434128e-06,3.831228e-06,715768.3773530887
466,2.411828e-06,3.772128e-06,735131.9561861352
467,2.416028e-06,3.758728e-06,744768.0047665153
468,2.396028e-06,3.721428e-06,754489.2108042855
469,2.419628e-06,3.728128e-06,764233.8555598014
470,2.427228e-06,3.719328e-06,773933.9060444239
471,2.781228e-06,4.057728e-06,783392.0877399138
472,2.406028e-06,3.666328e-06,793461.8741569468
473,2.788128e-06,4.033428e-06,803019.3527664016
474,2.665328e-06,3.895728e-06,812743.8231469443
475,2.740128e-06,3.955928e-06,822503.701266656
476,2.619828e-06,3.821228e-06,832362.2440486099
477,2.614428e-06,3.801928e-06,842105.2631578947
478,4.910428e-06,6.084328e-06,851861.3169775961
479,2.544528e-06,3.705228e-06,861549.0652192641
481,2.564628e-06,3.699728e-06,880979.6493700997
482,2.544328e-06,3.667128e-06,890630.5664410403
483,2.185328e-06,3.295928e-06,900414.1905276427
484,2.514828e-06,3.613828e-06,909918.1073703367
485,2.455828e-06,3.543628e-06,919286.6335723478
486,2.563928e-06,3.640328e-06,929022.668153103
487,2.851428e-06,3.917928e-06,937646.5072667602
488,2.805528e-06,3.860728e-06,947687.6421531462
489,2.398828e-06,3.443728e-06,957029.3808019906
490,2.393128e-06,3.427828e-06,966463.7092877162
491,2.388428e-06,3.413328e-06,975704.9468240803
492,2.396628e-06,3.411828e-06,985027.5807722616
493,2.721728e-06,3.728728e-06,993048.65938431
494,2.711628e-06,3.709628e-06,1002004.008016032
495,2.692228e-06,3.680328e-06,1012043.3154539015
496,2.666828e-06,3.646528e-06,1020720.6287639072
497,2.640928e-06,3.612328e-06,1029442.042413012
498,2.639528e-06,3.602528e-06,1038421.5991692623
500,2.620328e-06,3.567828e-06,1055408.9709762535
501,2.595728e-06,3.535428e-06,1064169.4157709905
502,2.612528e-06,3.544728e-06,1072731.1735679037
503,2.571928e-06,3.497128e-06,1080847.3843493299
504,2.861928e-06,3.781028e-06,1088020.8900010881
505,2.512328e-06,3.424028e-06,1096852.0346605242
506,2.513528e-06,3.418428e-06,1105094.485578517
507,2.520528e-06,3.419028e-06,1112966.0545353368
508,2.503228e-06,3.395528e-06,1120699.3163734172
509,2.507728e-06,3.394028e-06,1128286.133363421
510,2.805628e-06,3.688028e-06,1133272.8921124204
511,2.702928e-06,3.578728e-06,1141813.1993605844
513,2.710928e-06,3.576928e-06,1154734.4110854506
514,2.633728e-06,3.494128e-06,1162250.1162250112
515,2.608928e-06,3.463028e-06,1170823.0886313077
516,2.601928e-06,3.451828e-06,1176609.012825038
517,2.574428e-06,3.419728e-06,1183011.9484206787
518,2.524828e-06,3.365628e-06,1189343.4823977163
519,2.552028e-06,3.387928e-06,1196315.3487259236
520,2.446828e-06,3.279028e-06,1201634.2225426575
521,2.412028e-06,3.239728e-06,1208167.210341911
522,2.477328e-06,3.301128e-06,1213886.8657441125
524,2.367128e-06,3.183428e-06,1225039.8137939489
525,2.323028e-06,3.135528e-06,1230769.230769231
526,2.288628e-06,3.097728e-06,1235941.169200346
527,2.300128e-06,3.105528e-06,1241619.0712689348
528,2.539328e-06,3.343328e-06,1243781.0945273628
529,2.268028e-06,3.067528e-06,1250781.7385866165
530,2.508028e-06,3.307328e-06,1251094.7078693856
531,2.482528e-06,3.277928e-06,1257229.067136032
532,2.427228e-06,3.220328e-06,1260875.0472828147
533,2.297428e-06,3.086628e-06,1267105.9300557526
534,2.388628e-06,3.176728e-06,1268874.5083111278
535,2.343228e-06,3.128428e-06,1273560.8762098833
536,2.348028e-06,3.131228e-06,1276813.0745658835
537,2.420328e-06,3.199528e-06,1283367.5564681722
538,2.316928e-06,3.095328e-06,1284686.5364850976
539,2.504728e-06,3.281828e-06,1286835.6710848021
540,2.260928e-06,3.036928e-06,1288659.7938144333
541,2.287928e-06,3.062528e-06,1290988.897495482
542,2.172828e-06,2.943328e-06,1297858.533419857
543,1.716728e-06,2.485728e-06,1300390.1170351102
544,1.701328e-06,2.468728e-06,1303101.3812874642
545,1.686728e-06,2.452628e-06,1305653.479566523
546,1.672428e-06,2.436928e-06,1308044.4735120996
547,1.659528e-06,2.422828e-06,1310100.8777675885
548,1.646528e-06,2.408428e-06,1312508.2031762698
549,1.634528e-06,2.395328e-06,1314405.8885383804
550,1.622728e-06,2.382428e-06,1316309.0693694877
551,1.611328e-06,2.370028e-06,1318044.022670357
552,1.600628e-06,2.358428e-06,1319609.3956188965
553,1.590428e-06,2.347428e-06,1321003.9630118888
554,1.580428e-06,2.336728e-06,1322226.6296443213
555,1.571628e-06,2.327228e-06,1323451.561672843
556,1.562328e-06,2.317328e-06,1324503.3112582779
557,1.553828e-06,2.308328e-06,1325381.0470510272
558,1.545628e-06,2.299628e-06,1326259.9469496023
559,1.537528e-06,2.291128e-06,1326963.9065817413
560,1.529728e-06,2.283028e-06,1327492.3669188905
561,1.522928e-06,2.275928e-06,1328021.2483399734
562,1.515828e-06,2.268528e-06,1328550.5513484792
563,1.508628e-06,2.261228e-06,1328727.0794578793
564,1.503128e-06,2.255528e-06,1329080.276448697
565,1.496728e-06,2.249128e-06,1329080.276448697
566,1.491528e-06,2.243828e-06,1329256.9453675395
567,1.485428e-06,2.237728e-06,1329256.9453675393
568,1.480628e-06,2.232928e-06,1329256.9453675393
569,1.475928e-06,2.228328e-06,1329080.2764486978
570,1.471628e-06,2.224128e-06,1328903.65448505
571,1.728028e-06,2.486028e-06,1319261.2137203165
572,1.717028e-06,2.475028e-06,1319261.2137203165
573,1.705528e-06,2.463628e-06,1319087.191663369
574,1.697528e-06,2.455728e-06,1318913.2155104193
575,1.688028e-06,2.446428e-06,1318565.4008438818
576,1.680628e-06,2.439228e-06,1318217.7695755342
577,1.674828e-06,2.433728e-06,1317696.6662274343
578,1.667328e-06,2.426428e-06,1317349.4928204452
579,1.660128e-06,2.419328e-06,1317175.9747102207
580,1.654728e-06,2.414328e-06,1316482.3591363877
581,1.648328e-06,2.408128e-06,1316135.825217163
582,1.642928e-06,2.402928e-06,1315789.4736842106
583,1.636128e-06,2.396428e-06,1315270.288044193
584,1.624328e-06,2.384528e-06,1315443.3043935804
585,1.619328e-06,2.379728e-06,1315097.3172014726
586,1.613028e-06,2.373528e-06,1314924.3918474684
587,1.609128e-06,2.369628e-06,1314924.3918474684
588,1.602528e-06,2.362928e-06,1315097.3172014726
589,1.597128e-06,2.357328e-06,1315443.3043935804
590,1.594928e-06,2.354828e-06,1315962.6266614033
591,1.588928e-06,2.348228e-06,1317002.5023047542
592,1.585328e-06,2.343828e-06,1318391.5622940017
593,1.580128e-06,2.337728e-06,1319957.7613516368
594,1.576228e-06,2.332928e-06,1321527.6860050217
595,1.572528e-06,2.328128e-06,1323451.5616728424
596,1.568428e-06,2.322928e-06,1325381.047051027
597,1.564628e-06,2.317928e-06,1327492.3669188905
598,1.562428e-06,2.314528e-06,1329610.4241457253
599,1.556728e-06,2.307628e-06,1331735.2510320947
600,1.553528e-06,2.303328e-06,1333688.9837289944
